﻿<?xml version="1.0" encoding="utf-8"?>
<MA xmlns:xsi="http://www.w3.org/2001/XMLSchema-instance" xmlns="http://schemas.malighting.de/grandma2/xml/MA" xsi:schemaLocation="http://schemas.malighting.de/grandma2/xml/MA http://schemas.malighting.de/grandma2/xml/3.9.60/MA.xsd" major_vers="3" minor_vers="9" stream_vers="60">
	<Info datetime="2023-01-04T20:20:54" showfile="workplace-demo-show" />
	<Macro index="4" name="RED BLUE">
		<Macroline index="0">
			<text>Copy Preset 4.10 At 4.14 /o /nc</text>
		</Macroline>
		<Macroline index="1">
			<text>Copy Preset 4.2 At 4.15 /o /nc</text>
		</Macroline>
		<Macroline index="2">
			<text>Label Preset 4.14 &quot;LOW&quot;</text>
		</Macroline>
		<Macroline index="3">
			<text>Label Preset 4.15 &quot;HIGHT&quot;</text>
		</Macroline>
		<Macroline index="4">
			<text>Label Effect 23 &quot;RED BLUE&quot;</text>
		</Macroline>
	</Macro>
	<Macro index="5" name="WH RED">
		<Appearance Color="ffffff" />
		<Macroline index="0">
			<text>Copy Preset 4.1 At 4.14 /o /nc</text>
		</Macroline>
		<Macroline index="1">
			<text>Copy Preset 4.2 At 4.15 /o /nc</text>
		</Macroline>
		<Macroline index="2">
			<text>Label Preset 4.14 &quot;LOW&quot;</text>
		</Macroline>
		<Macroline index="3">
			<text>Label Preset 4.15 &quot;HIGHT&quot;</text>
		</Macroline>
		<Macroline index="4">
			<text>Label Effect 23 &quot;WH RED&quot;</text>
		</Macroline>
	</Macro>
	<Macro index="6" name="YEL MGN">
		<Appearance Color="f7ff00" />
		<Macroline index="0">
			<text>Copy Preset 4.4 At 4.14 /o /nc</text>
		</Macroline>
		<Macroline index="1">
			<text>Copy Preset 4.12 At 4.15 /o /nc</text>
		</Macroline>
		<Macroline index="2">
			<text>Label Preset 4.14 &quot;LOW&quot;</text>
		</Macroline>
		<Macroline index="3">
			<text>Label Preset 4.15 &quot;HIGHT&quot;</text>
		</Macroline>
		<Macroline index="4">
			<text>Label Effect 23 &quot;YEL MGNT&quot;</text>
		</Macroline>
	</Macro>
	<Macro index="7" name="BLUE GREEN">
		<Appearance Color="07ff00" />
		<Macroline index="0">
			<text>Copy Preset 4.6 At 4.14 /o /nc</text>
		</Macroline>
		<Macroline index="1">
			<text>Copy Preset 4.10 At 4.15 /o /nc</text>
		</Macroline>
		<Macroline index="2">
			<text>Label Preset 4.14 &quot;LOW&quot;</text>
		</Macroline>
		<Macroline index="3">
			<text>Label Preset 4.15 &quot;HIGHT&quot;</text>
		</Macroline>
		<Macroline index="4">
			<text>Label Effect 23 &quot;BL GR&quot;</text>
		</Macroline>
	</Macro>
	<Macro index="8" name="BLUE MGN">
		<Appearance Color="1300ff" />
		<Macroline index="0">
			<text>Copy Preset 4.10 At 4.14 /o /nc</text>
		</Macroline>
		<Macroline index="1">
			<text>Copy Preset 4.12 At 4.15 /o /nc</text>
		</Macroline>
		<Macroline index="2">
			<text>Label Preset 4.14 &quot;LOW&quot;</text>
		</Macroline>
		<Macroline index="3">
			<text>Label Preset 4.15 &quot;HIGHT&quot;</text>
		</Macroline>
		<Macroline index="4">
			<text>Label Effect 23 &quot;BL MGN&quot;</text>
		</Macroline>
	</Macro>
</MA>