﻿<?xml version="1.0" encoding="utf-8"?>
<MA xmlns:xsi="http://www.w3.org/2001/XMLSchema-instance" xmlns="http://schemas.malighting.de/grandma2/xml/MA" xsi:schemaLocation="http://schemas.malighting.de/grandma2/xml/MA http://schemas.malighting.de/grandma2/xml/3.9.60/MA.xsd" major_vers="3" minor_vers="9" stream_vers="60">
	<Info datetime="2023-01-04T20:20:28" showfile="workplace-demo-show" />
	<Macro index="0" name="set fade 0">
		<Macroline index="0">
			<text>Store Executor 170.170 Thru 170.172 Cue 1 Thru Fade 0 /m /nc</text>
		</Macroline>
		<Macroline index="1">
			<text>Assign Macro 2 At Executor 10.115</text>
		</Macroline>
	</Macro>
	<Macro index="1" name="set fade 2">
		<Macroline index="0">
			<text>Store Executor 170.170 Thru 170.172 Cue 1 Thru Fade 2 /m /nc</text>
		</Macroline>
		<Macroline index="1">
			<text>Assign Macro 1 At 10.115</text>
		</Macroline>
	</Macro>
</MA>